﻿<?xml version="1.0" encoding="utf-8"?>
<helpItems xmlns="http://msh" schema="maml">
  <command:command xmlns:maml="http://schemas.microsoft.com/maml/2004/10" xmlns:command="http://schemas.microsoft.com/maml/dev/command/2004/10" xmlns:dev="http://schemas.microsoft.com/maml/dev/2004/10" xmlns:MSHelp="http://msdn.microsoft.com/mshelp">
    <command:details>
      <command:name>Get-AzureRedisCache</command:name>
      <maml:description>
        <maml:para>Gets details about a single cache or all caches in the specified resource group or all caches in the current subscription.</maml:para>
      </maml:description>
      <maml:copyright>
        <maml:para />
      </maml:copyright>
      <command:verb>Get</command:verb>
      <command:noun>AzureRedisCache</command:noun>
      <dev:version />
    </command:details>
    <maml:description>
      <maml:para>The Get-AzureRedisCache cmdlet gets the details about a cache or caches depending on input parameters. If both ResourceGroupName and Name parameters are provided then Get-AzureRedisCache will return details about the specific cache name provided.</maml:para>
      <maml:para>If only ResourceGroupName is provided than it will return details about all caches in the specified resource group.</maml:para>
      <maml:para>If no parameters are given than it will return details about all caches the current subscription.</maml:para>
    </maml:description>
    <command:syntax>
      <command:syntaxItem>
        <maml:name>Get-AzureRedisCache</maml:name>
        <command:parameter required="false" variableLength="false" globbing="false" pipelineInput="True (ByPropertyName)" position="named" aliases="">
          <maml:name>Name</maml:name>
          <maml:description>
            <maml:para>The name of the cache. If Name is provided along with ResourceGroupName then Get-AzureRedisCache returns the details of the specified cache.</maml:para>
          </maml:description>
          <command:parameterValue required="true" variableLength="false">String</command:parameterValue>
        </command:parameter>
        <command:parameter required="false" variableLength="false" globbing="false" pipelineInput="True (ByPropertyName)" position="named" aliases="">
          <maml:name>ResourceGroupName</maml:name>
          <maml:description>
            <maml:para>The name of the resource group that contains the cache or caches. If ResourceGroupName is provided with Name then Get-AzureRedisCache returns the details of the cache specified by Name. If only the ResourceGroup parameter is provided, then details for all caches in the resource group are returned.</maml:para>
          </maml:description>
          <command:parameterValue required="true" variableLength="false">String</command:parameterValue>
        </command:parameter>
      </command:syntaxItem>
    </command:syntax>
    <command:parameters>
      <command:parameter required="false" variableLength="false" globbing="false" pipelineInput="True (ByPropertyName)" position="named" aliases="">
        <maml:name>Name</maml:name>
        <maml:description>
          <maml:para>The name of the cache. When this parameter is provided along with ResourceGroupName, Get-AzureRedisCache returns the details for the cache.</maml:para>
        </maml:description>
        <command:parameterValue required="true" variableLength="false">String</command:parameterValue>
        <dev:type>
          <maml:name>String</maml:name>
          <maml:uri />
        </dev:type>
        <dev:defaultValue>
        </dev:defaultValue>
      </command:parameter>
      <command:parameter required="false" variableLength="false" globbing="false" pipelineInput="True (ByPropertyName)" position="named" aliases="">
        <maml:name>ResourceGroupName</maml:name>
        <maml:description>
          <maml:para>The name of the resource group that contains the cache or caches. If ResourceGroupName is provided with Name then Get-AzureRedisCache returns the details of the cache specified by Name. If only the ResourceGroup parameter is provided, then details for all caches in the resource group are returned.</maml:para>
        </maml:description>
        <command:parameterValue required="true" variableLength="false">String</command:parameterValue>
        <dev:type>
          <maml:name>String</maml:name>
          <maml:uri />
        </dev:type>
        <dev:defaultValue>
        </dev:defaultValue>
      </command:parameter>
    </command:parameters>
    <command:inputTypes>
      <command:inputType>
        <dev:type>
          <maml:name>None</maml:name>
          <maml:uri>
          </maml:uri>
          <maml:description>
            <maml:para />
          </maml:description>
        </dev:type>
        <maml:description>
          <maml:para>You can pipe input to this cmdlet by property name, but not by value.</maml:para>
        </maml:description>
      </command:inputType>
    </command:inputTypes>
    <command:returnValues>
      <command:returnValue>
        <dev:type>
          <maml:name>Microsoft.Azure.Commands.RedisCache.Models.RedisCacheAttributes</maml:name>
          <maml:uri>
          </maml:uri>
          <maml:description>
            <maml:para />
          </maml:description>
        </dev:type>
        <maml:description>
          <maml:para>Returns an array of redis caches.</maml:para>
        </maml:description>
      </command:returnValue>
    </command:returnValues>
    <command:terminatingErrors />
    <command:nonTerminatingErrors />
    <maml:alertSet>
    </maml:alertSet>
    <command:examples>
      <command:example>
        <maml:title>Example 1: Get specific redis cache by name</maml:title>
        <maml:introduction>
          <maml:para>
          </maml:para>
        </maml:introduction>
        <dev:code>PS C:\&gt;Get-AzureRedisCache -ResourceGroupName myGroup -Name myexists
          
          ResourceGroupName : myGroup
          Id                : /subscriptions/a559b6fd-3a84-40bb-a450-b0db5ed37dfe/resourceGroups/myGroup/providers/Microsoft.Cache/Redis/myexists
          Location          : North Central US
          Name              : myexists
          Type              : Microsoft.Cache/Redis
          HostName          : myexists.redis.cache.windows.net
          Port              : 6379
          ProvisioningState : succeeded
          SslPort           : 6380
          MaxMemoryPolicy   : VolatileTTL
          EnableNonSslPort  : False
          RedisVersion      : 2.8
          Size              : 1GB
          Sku               : Basic
          
        </dev:code>
        <dev:remarks>
          <maml:para>This command gets details about the specified redis cache.</maml:para>
        </dev:remarks>
        <command:commandLines>
          <command:commandLine>
            <command:commandText />
          </command:commandLine>
        </command:commandLines>
      </command:example>
      <command:example>
        <maml:title>Example 2: Get all redis caches in a specific resource group</maml:title>
        <maml:introduction>
          <maml:para>
          </maml:para>
        </maml:introduction>
        <dev:code>
          PS C:\&gt;Get-AzureRedisCache -ResourceGroupName myGroup
          
          ResourceGroupName : myGroup
          Id                : /subscriptions/a559b6fd-3a84-40bb-a450-b0db5ed37dfe/resourceGroups/myGroup/providers/Microsoft.Cache/Redis/myexists
          Location          : North Central US
          Name              : myexists
          Type              : Microsoft.Cache/Redis
          HostName          : myexists.redis.cache.windows.net
          Port              : 6379
          ProvisioningState : succeeded
          SslPort           : 6380
          MaxMemoryPolicy   : VolatileTTL
          EnableNonSslPort  : False
          RedisVersion      : 2.8
          Size              : 1GB
          Sku               : Basic

          ResourceGroupName : myGroup
          Id                : /subscriptions/a559b6fd-3a84-40bb-a450-b0db5ed37dfe/resourceGroups/myGroup/providers/Microsoft.Cache/Redis/myearlier
          Location          : North Central US
          Name              : myearlier
          Type              : Microsoft.Cache/Redis
          HostName          : myearlier.redis.cache.windows.net
          Port              : 6379
          ProvisioningState : succeeded
          SslPort           : 6380
          MaxMemoryPolicy   : VolatileTTL
          EnableNonSslPort  : True
          RedisVersion      : 2.8
          Size              : 250MB
          Sku               : Standard
          
        </dev:code>
        <dev:remarks>
          <maml:para>This command gets details about all redis caches in the specified resource group.</maml:para>
        </dev:remarks>
        <command:commandLines>
          <command:commandLine>
            <command:commandText />
          </command:commandLine>
        </command:commandLines>
      </command:example>
      <command:example>
        <maml:title>Example 3: Get all redis caches in the current subscription</maml:title>
        <maml:introduction>
          <maml:para>
          </maml:para>
        </maml:introduction>
        <dev:code>
          PS C:\&gt;Get-AzureRedisCache
          
          ResourceGroupName : myGroup
          Id                : /subscriptions/a559b6fd-3a84-40bb-a450-b0db5ed37dfe/resourceGroups/myGroup/providers/Microsoft.Cache/Redis/myexists
          Location          : North Central US
          Name              : myexists
          Type              : Microsoft.Cache/Redis
          HostName          : myexists.redis.cache.windows.net
          Port              : 6379
          ProvisioningState : succeeded
          SslPort           : 6380
          MaxMemoryPolicy   : VolatileTTL
          EnableNonSslPort  : False
          RedisVersion      : 2.8
          Size              : 1GB
          Sku               : Basic

          ResourceGroupName : myGroup
          Id                : /subscriptions/a559b6fd-3a84-40bb-a450-b0db5ed37dfe/resourceGroups/myGroup/providers/Microsoft.Cache/Redis/myearlier
          Location          : North Central US
          Name              : myearlier
          Type              : Microsoft.Cache/Redis
          HostName          : myearlier.redis.cache.windows.net
          Port              : 6379
          ProvisioningState : succeeded
          SslPort           : 6380
          MaxMemoryPolicy   : VolatileTTL
          EnableNonSslPort  : True
          RedisVersion      : 2.8
          Size              : 250MB
          Sku               : Standard

          ResourceGroupName : myGroup2
          Id                : /subscriptions/a559b6fd-3a84-40bb-a450-b0db5ed37dfe/resourceGroups/myGroup2/providers/Microsoft.Cache/Redis/myearlier2
          Location          : North Central US
          Name              : myearlier2
          Type              : Microsoft.Cache/Redis
          HostName          : myearlier2.redis.cache.windows.net
          Port              : 6379
          ProvisioningState : succeeded
          SslPort           : 6380
          MaxMemoryPolicy   : VolatileTTL
          EnableNonSslPort  : False
          RedisVersion      : 2.8
          Size              : 250MB
          Sku               : Basic
          
        </dev:code>
        <dev:remarks>
          <maml:para>This command gets details about all redis caches in the current subscription.</maml:para>
        </dev:remarks>
        <command:commandLines>
          <command:commandLine>
            <command:commandText />
          </command:commandLine>
        </command:commandLines>
      </command:example>
    </command:examples>
    <maml:relatedLinks>
      <maml:navigationLink>
        <maml:linkText>Online Version:</maml:linkText>
        <maml:uri>http://go.microsoft.com/fwlink/?LinkId=512522</maml:uri>
      </maml:navigationLink>
    </maml:relatedLinks>
  </command:command>
  <command:command xmlns:maml="http://schemas.microsoft.com/maml/2004/10" xmlns:command="http://schemas.microsoft.com/maml/dev/command/2004/10" xmlns:dev="http://schemas.microsoft.com/maml/dev/2004/10" xmlns:MSHelp="http://msdn.microsoft.com/mshelp">
    <command:details>
      <command:name>New-AzureRedisCache</command:name>
      <maml:description>
        <maml:para>Creates a new redis cache.</maml:para>
      </maml:description>
      <maml:copyright>
        <maml:para />
      </maml:copyright>
      <command:verb>New</command:verb>
      <command:noun>AzureRedisCache</command:noun>
      <dev:version />
    </command:details>
    <maml:description>
      <maml:para>The New-AzureRedisCache cmdlet creates a new redis cache.</maml:para>
    </maml:description>
    <command:syntax>
      <command:syntaxItem>
        <maml:name>New-AzureRedisCache</maml:name>
        <command:parameter required="true" variableLength="false" globbing="false" pipelineInput="True (ByPropertyName)" position="named" aliases="">
          <maml:name>Name</maml:name>
          <maml:description>
            <maml:para>Name of the redis cache to create.</maml:para>
          </maml:description>
          <command:parameterValue required="true" variableLength="false">String</command:parameterValue>
        </command:parameter>
        <command:parameter required="true" variableLength="false" globbing="false" pipelineInput="True (ByPropertyName)" position="named" aliases="">
          <maml:name>ResourceGroupName</maml:name>
          <maml:description>
            <maml:para>Name of the resource group in which to create the redis cache.</maml:para>
          </maml:description>
          <command:parameterValue required="true" variableLength="false">String</command:parameterValue>
        </command:parameter>
        <command:parameter required="true" variableLength="false" globbing="false" pipelineInput="True (ByPropertyName)" position="named" aliases="">
          <maml:name>Location</maml:name>
          <maml:description>
            <maml:para>Location in which to create redis cache. Possible values are "North Central US", "South Central US", "Central US", "West Europe",
            "North Europe", "West US", "East US", "East US 2", "Japan East", "Japan West", "Brazil South", "Southeast Asia", "East Asia", "Australia East", "Australia Southeast"</maml:para>
          </maml:description>
          <command:parameterValue required="true" variableLength="false">String</command:parameterValue>
        </command:parameter>
        <command:parameter required="false" variableLength="false" globbing="false" pipelineInput="True (ByPropertyName)" position="named" aliases="">
          <maml:name>RedisVersion</maml:name>
          <maml:description>
            <maml:para>RedisVersion of the redis cache. If not provided, the default value is 2.8.</maml:para>
          </maml:description>
          <command:parameterValue required="true" variableLength="false">String</command:parameterValue>
        </command:parameter>
        <command:parameter required="false" variableLength="false" globbing="false" pipelineInput="True (ByPropertyName)" position="named" aliases="">
          <maml:name>Size</maml:name>
          <maml:description>
            <maml:para>Size of the redis cache. The default value is 1GB or C1. Possible values are C0, C1, C2, C3, C4, C5, C6, 250MB, 1GB, 2.5GB, 6GB, 13GB, 26GB, 53GB.</maml:para>
          </maml:description>
          <command:parameterValue required="true" variableLength="false">String</command:parameterValue>
        </command:parameter>
        <command:parameter required="false" variableLength="false" globbing="false" pipelineInput="True (ByPropertyName)" position="named" aliases="">
          <maml:name>Sku</maml:name>
          <maml:description>
            <maml:para>Sku of redis cache. The default value is Standard. Possible values are Basic and Standard.</maml:para>
          </maml:description>
          <command:parameterValue required="true" variableLength="false">String</command:parameterValue>
        </command:parameter>
        <command:parameter required="false" variableLength="false" globbing="false" pipelineInput="True (ByPropertyName)" position="named" aliases="">
          <maml:name>MaxMemoryPolicy</maml:name>
          <maml:description>
            <maml:para>MaxMemoryPolicy used by the redis cache. The default value is VolatileLRU. Possible values are AllKeysLRU, AllKeysRandom, NoEviction, VolatileLRU, VolatileRandom, VolatileTTL</maml:para>
          </maml:description>
          <command:parameterValue required="true" variableLength="false">String</command:parameterValue>
        </command:parameter>
        <command:parameter required="false" variableLength="false" globbing="false" pipelineInput="True (ByPropertyName)" position="named" aliases="">
          <maml:name>EnableNonSslPort</maml:name>
          <maml:description>
            <maml:para>EnableNonSslPort is used by Azure Redis Cache. If no value is provided, the default value is false and the non-SSL port will be disabled. Possible values are true and false.</maml:para>
          </maml:description>
          <command:parameterValue required="true" variableLength="false">Boolean</command:parameterValue>
        </command:parameter>
      </command:syntaxItem>
    </command:syntax>
    <command:parameters>
      <command:parameter required="true" variableLength="false" globbing="false" pipelineInput="True (ByPropertyName)" position="named" aliases="">
        <maml:name>Name</maml:name>
        <maml:description>
          <maml:para>Name of the redis cache to create.</maml:para>
        </maml:description>
        <command:parameterValue required="true" variableLength="false">String</command:parameterValue>
        <dev:type>
          <maml:name>String</maml:name>
          <maml:uri />
        </dev:type>
        <dev:defaultValue>
        </dev:defaultValue>
      </command:parameter>
      <command:parameter required="true" variableLength="false" globbing="false" pipelineInput="True (ByPropertyName)" position="named" aliases="">
        <maml:name>ResourceGroupName</maml:name>
        <maml:description>
          <maml:para>Name of resource group in which to create the redis cache.</maml:para>
        </maml:description>
        <command:parameterValue required="true" variableLength="false">String</command:parameterValue>
        <dev:type>
          <maml:name>String</maml:name>
          <maml:uri />
        </dev:type>
        <dev:defaultValue>
        </dev:defaultValue>
      </command:parameter>
      <command:parameter required="true" variableLength="false" globbing="false" pipelineInput="True (ByPropertyName)" position="named" aliases="">
        <maml:name>Location</maml:name>
        <maml:description>
          <maml:para>Location in which to create the redis cache.</maml:para>
        </maml:description>
        <command:parameterValue required="true" variableLength="false">String</command:parameterValue>
        <dev:type>
          <maml:name>String</maml:name>
          <maml:uri />
        </dev:type>
        <dev:defaultValue>
        </dev:defaultValue>
      </command:parameter>
      <command:parameter required="false" variableLength="false" globbing="false" pipelineInput="True (ByPropertyName)" position="named" aliases="">
        <maml:name>RedisVersion</maml:name>
        <maml:description>
          <maml:para>RedisVersion of the redis cache. The default value is 2.8.</maml:para>
        </maml:description>
        <command:parameterValue required="true" variableLength="false">String</command:parameterValue>
        <dev:type>
          <maml:name>String</maml:name>
          <maml:uri />
        </dev:type>
        <dev:defaultValue>2.8</dev:defaultValue>
      </command:parameter>
      <command:parameter required="false" variableLength="false" globbing="false" pipelineInput="True (ByPropertyName)" position="named" aliases="">
        <maml:name>Size</maml:name>
        <maml:description>
          <maml:para>Size of the redis cache. The default value is 1GB or C1. Possible values are C0, C1, C2, C3, C4, C5, C6, 250MB, 1GB, 2.5GB, 6GB, 13GB, 26GB, 53GB.</maml:para>
        </maml:description>
        <command:parameterValue required="true" variableLength="false">String</command:parameterValue>
        <dev:type>
          <maml:name>String</maml:name>
          <maml:uri />
        </dev:type>
        <dev:defaultValue>1GB</dev:defaultValue>
      </command:parameter>
      <command:parameter required="false" variableLength="false" globbing="false" pipelineInput="True (ByPropertyName)" position="named" aliases="">
        <maml:name>Sku</maml:name>
        <maml:description>
          <maml:para>Sku of the redis cache. The default value is Standard. Possible values are Basic and Standard.</maml:para>
        </maml:description>
        <command:parameterValue required="true" variableLength="false">String</command:parameterValue>
        <dev:type>
          <maml:name>String</maml:name>
          <maml:uri />
        </dev:type>
        <dev:defaultValue>Standard</dev:defaultValue>
      </command:parameter>
      <command:parameter required="false" variableLength="false" globbing="false" pipelineInput="True (ByPropertyName)" position="named" aliases="">
        <maml:name>MaxMemoryPolicy</maml:name>
        <maml:description>
          <maml:para>MaxMemoryPolicy used by the redis cache. By default the value is VolatileLRU. All possible values are AllKeysLRU, AllKeysRandom, NoEviction, VolatileLRU, VolatileRandom, VolatileTTL.</maml:para>
        </maml:description>
        <command:parameterValue required="true" variableLength="false">String</command:parameterValue>
        <dev:type>
          <maml:name>String</maml:name>
          <maml:uri />
        </dev:type>
        <dev:defaultValue></dev:defaultValue>
      </command:parameter>
      <command:parameter required="false" variableLength="false" globbing="false" pipelineInput="True (ByPropertyName)" position="named" aliases="">
        <maml:name>EnableNonSslPort</maml:name>
        <maml:description>
          <maml:para>EnableNonSslPort is used by Azure Redis Cache. If no value is provided, the default value is false and the non-SSL port will be disabled. Possible values are true and false.</maml:para>
        </maml:description>
        <command:parameterValue required="true" variableLength="false">Boolean</command:parameterValue>
        <dev:type>
          <maml:name>Boolean</maml:name>
          <maml:uri />
        </dev:type>
        <dev:defaultValue></dev:defaultValue>
      </command:parameter>
    </command:parameters>
    <command:inputTypes>
      <command:inputType>
        <dev:type>
          <maml:name>None</maml:name>
          <maml:uri>
          </maml:uri>
          <maml:description>
            <maml:para />
          </maml:description>
        </dev:type>
        <maml:description>
          <maml:para>You can pipe input to this cmdlet by property name, but not by value.</maml:para>
        </maml:description>
      </command:inputType>
    </command:inputTypes>
    <command:returnValues>
      <command:returnValue>
        <dev:type>
          <maml:name>Microsoft.Azure.Commands.RedisCache.Models.RedisCacheAttributesWithAccessKeys</maml:name>
          <maml:uri>
          </maml:uri>
          <maml:description>
            <maml:para />
          </maml:description>
        </dev:type>
        <maml:description>
          <maml:para>Returns all attributes of a redis cache including primary and secondary access keys.</maml:para>
        </maml:description>
      </command:returnValue>
    </command:returnValues>
    <command:terminatingErrors />
    <command:nonTerminatingErrors />
    <maml:alertSet>
    </maml:alertSet>
    <command:examples>
      <command:example>
        <maml:title>Example 1: Create new redis cache</maml:title>
        <maml:introduction>
          <maml:para>
          </maml:para>
        </maml:introduction>
        <dev:code>
          PS C:\&gt;New-AzureRedisCache -ResourceGroupName myGroup -Name mycache -Location "North Central US"
         
          PrimaryKey        : pJ+jruGKPHDKsEC8kmoybobH3TZx2njBR3ipEsquZFo=
          SecondaryKey      : sJ+jruGKPHDKsEC8kmoybobH3TZx2njBR3ipEsquZFo=
          ResourceGroupName : mygroup
          Id                : /subscriptions/a559b6fd-3a84-40bb-a450-b0db5ed37dfe/resourceGroups/mygroup/providers/Microsoft.Cache/Redis/mycache
          Location          : North Central US
          Name              : mycache
          Type              : Microsoft.Cache/Redis
          HostName          : mycache.cache.icbbvt.windows-int.net
          Port              : 6379
          ProvisioningState : creating
          SslPort           : 6380
          MaxMemoryPolicy   :
          EnableNonSslPort  : False
          RedisVersion      : 2.8
          Size              : 1GB
          Sku               : Standard
          
        </dev:code>
        <dev:remarks>
          <maml:para>This command creates a redis cache.</maml:para>
        </dev:remarks>
        <command:commandLines>
          <command:commandLine>
            <command:commandText />
          </command:commandLine>
        </command:commandLines>
      </command:example>
      <command:example>
        <maml:title>Example 2: Create new redis cache with all parameters</maml:title>
        <maml:introduction>
          <maml:para>
          </maml:para>
        </maml:introduction>
        <dev:code>
          PS C:\&gt;New-AzureRedisCache -ResourceGroupName mygroup -Name mycache -Location "North Central US" -RedisVersion "2.8" -Size 250MB -Sku Standard -MaxMemoryPolicy AllKeysLRU -Force

          PrimaryKey        : pJ+jruGKPHDKsEC8kmoybobH3TZx2njBR3ipEsquZFo=
          SecondaryKey      : sJ+jruGKPHDKsEC8kmoybobH3TZx2njBR3ipEsquZFo=
          ResourceGroupName : mygroup
          Id                : /subscriptions/a559b6fd-3a84-40bb-a450-b0db5ed37dfe/resourceGroups/mygroup/providers/Microsoft.Cache/Redis/mycache
          Location          : North Central US
          Name              : mycache
          Type              : Microsoft.Cache/Redis
          HostName          : mycache.cache.icbbvt.windows-int.net
          Port              : 6379
          ProvisioningState : creating
          SslPort           : 6380
          MaxMemoryPolicy   : AllKeysLRU
          EnableNonSslPort  : False
          RedisVersion      : 2.8
          Size              : 250MB
          Sku               : Standard

        </dev:code>
        <dev:remarks>
          <maml:para>This command creates a redis cache or updates the redis cache if it already exists.</maml:para>
        </dev:remarks>
        <command:commandLines>
          <command:commandLine>
            <command:commandText />
          </command:commandLine>
        </command:commandLines>
      </command:example>
    </command:examples>
    <maml:relatedLinks>
      <maml:navigationLink>
        <maml:linkText>Online Version:</maml:linkText>
        <maml:uri>http://go.microsoft.com/fwlink/?LinkId=512523</maml:uri>
      </maml:navigationLink>
    </maml:relatedLinks>
  </command:command>
  <command:command xmlns:maml="http://schemas.microsoft.com/maml/2004/10" xmlns:command="http://schemas.microsoft.com/maml/dev/command/2004/10" xmlns:dev="http://schemas.microsoft.com/maml/dev/2004/10" xmlns:MSHelp="http://msdn.microsoft.com/mshelp">
    <command:details>
      <command:name>Remove-AzureRedisCache</command:name>
      <maml:description>
        <maml:para>Remove redis cache if exists.</maml:para>
      </maml:description>
      <maml:copyright>
        <maml:para />
      </maml:copyright>
      <command:verb>Remove</command:verb>
      <command:noun>AzureRedisCache</command:noun>
      <dev:version />
    </command:details>
    <maml:description>
      <maml:para>The Remove-AzureRedisCache cmdlet removes a redis cache if it exists.</maml:para>
    </maml:description>
    <command:syntax>
      <command:syntaxItem>
        <maml:name>Remove-AzureRedisCache</maml:name>
        <command:parameter required="true" variableLength="false" globbing="false" pipelineInput="True (ByPropertyName)" position="named" aliases="">
          <maml:name>Name</maml:name>
          <maml:description>
            <maml:para>Name of the redis cache to remove.</maml:para>
          </maml:description>
          <command:parameterValue required="true" variableLength="false">String</command:parameterValue>
        </command:parameter>
        <command:parameter required="true" variableLength="false" globbing="false" pipelineInput="True (ByPropertyName)" position="named" aliases="">
          <maml:name>ResourceGroupName</maml:name>
          <maml:description>
            <maml:para>Name of the resource group of the cache to remove.</maml:para>
          </maml:description>
          <command:parameterValue required="true" variableLength="false">String</command:parameterValue>
        </command:parameter>
        <command:parameter required="false" variableLength="false" globbing="false" pipelineInput="false" position="named" aliases="">
          <maml:name>Force</maml:name>
          <maml:description>
            <maml:para>When the Force parameter is provided, the cache is removed without any confirmation prompts.</maml:para>
          </maml:description>
        </command:parameter>
        <command:parameter required="false" variableLength="false" globbing="false" pipelineInput="false" position="named" aliases="">
          <maml:name>PassThru</maml:name>
          <maml:description>
            <maml:para>By default Remove-AzureRedisCache removes the cache and does not return any value. If the PassThru parameter is provided then Remove-AzureRedisCache returns a boolean value indicating the success of the operation.</maml:para>
          </maml:description>
        </command:parameter>
      </command:syntaxItem>
    </command:syntax>
    <command:parameters>
      <command:parameter required="true" variableLength="false" globbing="false" pipelineInput="True (ByPropertyName)" position="named" aliases="">
        <maml:name>Name</maml:name>
        <maml:description>
          <maml:para>Name of the redis cache to remove.</maml:para>
        </maml:description>
        <command:parameterValue required="true" variableLength="false">String</command:parameterValue>
        <dev:type>
          <maml:name>String</maml:name>
          <maml:uri />
        </dev:type>
        <dev:defaultValue>
        </dev:defaultValue>
      </command:parameter>
      <command:parameter required="true" variableLength="false" globbing="false" pipelineInput="True (ByPropertyName)" position="named" aliases="">
        <maml:name>ResourceGroupName</maml:name>
        <maml:description>
          <maml:para>Name of the resource group of the cache to remove.</maml:para>
        </maml:description>
        <command:parameterValue required="true" variableLength="false">String</command:parameterValue>
        <dev:type>
          <maml:name>String</maml:name>
          <maml:uri />
        </dev:type>
        <dev:defaultValue>
        </dev:defaultValue>
      </command:parameter>
      <command:parameter required="false" variableLength="false" globbing="false" pipelineInput="false" position="named" aliases="">
        <maml:name>Force</maml:name>
        <maml:description>
          <maml:para>When the Force parameter is provided, the cache is removed without any confirmation prompts.</maml:para>
        </maml:description>
        <dev:type>
          <maml:name>SwitchParameter</maml:name>
          <maml:uri />
        </dev:type>
        <dev:defaultValue></dev:defaultValue>
      </command:parameter>
      <command:parameter required="false" variableLength="false" globbing="false" pipelineInput="false" position="named" aliases="">
        <maml:name>PassThru</maml:name>
        <maml:description>
          <maml:para>By default Remove-AzureRedisCache removes the cache and does not return any value. If the PassThru parameter is provided then Remove-AzureRedisCache returns a boolean value indicating the success of the operation.</maml:para>
        </maml:description>
        <dev:type>
          <maml:name>SwitchParameter</maml:name>
          <maml:uri />
        </dev:type>
        <dev:defaultValue></dev:defaultValue>
      </command:parameter>
    </command:parameters>
    <command:inputTypes>
      <command:inputType>
        <dev:type>
          <maml:name>None</maml:name>
          <maml:uri>
          </maml:uri>
          <maml:description>
            <maml:para />
          </maml:description>
        </dev:type>
        <maml:description>
          <maml:para>You can pipe input to this cmdlet by property name, but not by value.</maml:para>
        </maml:description>
      </command:inputType>
    </command:inputTypes>
    <command:returnValues>
      <command:returnValue>
        <dev:type>
          <maml:name>Boolean</maml:name>
          <maml:uri>
          </maml:uri>
          <maml:description>
            <maml:para />
          </maml:description>
        </dev:type>
        <maml:description>
          <maml:para>Returns true if no exception occured.</maml:para>
        </maml:description>
      </command:returnValue>
    </command:returnValues>
    <command:terminatingErrors />
    <command:nonTerminatingErrors />
    <maml:alertSet>
    </maml:alertSet>
    <command:examples>
      <command:example>
        <maml:title>Example 1: Remove a redis cache with PassThru</maml:title>
        <maml:introduction>
          <maml:para>
          </maml:para>
        </maml:introduction>
        <dev:code>
          PS C:\&gt;Remove-AzureRedisCache -ResourceGroupName myGroup -Name mycache -Force -PassThru
          True

        </dev:code>
        <dev:remarks>
          <maml:para>This command removes a redis cache.</maml:para>
        </dev:remarks>
        <command:commandLines>
          <command:commandLine>
            <command:commandText />
          </command:commandLine>
        </command:commandLines>
      </command:example>
      <command:example>
        <maml:title>Example 2: Remove a redis cache without PassThru</maml:title>
        <maml:introduction>
          <maml:para>
          </maml:para>
        </maml:introduction>
        <dev:code>
          PS C:\&gt;Remove-AzureRedisCache -ResourceGroupName myGroup -Name mycache -Force
        </dev:code>
        <dev:remarks>
          <maml:para>This command removes a redis cache.</maml:para>
        </dev:remarks>
        <command:commandLines>
          <command:commandLine>
            <command:commandText />
          </command:commandLine>
        </command:commandLines>
      </command:example>
    </command:examples>
    <maml:relatedLinks>
      <maml:navigationLink>
        <maml:linkText>Online Version:</maml:linkText>
        <maml:uri>http://go.microsoft.com/fwlink/?LinkId=512524</maml:uri>
      </maml:navigationLink>
    </maml:relatedLinks>
  </command:command>
  <command:command xmlns:maml="http://schemas.microsoft.com/maml/2004/10" xmlns:command="http://schemas.microsoft.com/maml/dev/command/2004/10" xmlns:dev="http://schemas.microsoft.com/maml/dev/2004/10" xmlns:MSHelp="http://msdn.microsoft.com/mshelp">
    <command:details>
      <command:name>Get-AzureRedisCacheKey</command:name>
      <maml:description>
        <maml:para>Gets the accesskeys for the specified redis cache.</maml:para>
      </maml:description>
      <maml:copyright>
        <maml:para />
      </maml:copyright>
      <command:verb>Get</command:verb>
      <command:noun>AzureRedisCacheKey</command:noun>
      <dev:version />
    </command:details>
    <maml:description>
      <maml:para>The Get-AzureRedisCacheKey cmdlet gets the access keys for the specified cache.</maml:para>
    </maml:description>
    <command:syntax>
      <command:syntaxItem>
        <maml:name>Get-AzureRedisCacheKey</maml:name>
        <command:parameter required="true" variableLength="false" globbing="false" pipelineInput="True (ByPropertyName)" position="named" aliases="">
          <maml:name>Name</maml:name>
          <maml:description>
            <maml:para>Name of the redis cache.</maml:para>
          </maml:description>
          <command:parameterValue required="true" variableLength="false">String</command:parameterValue>
        </command:parameter>
        <command:parameter required="true" variableLength="false" globbing="false" pipelineInput="True (ByPropertyName)" position="named" aliases="">
          <maml:name>ResourceGroupName</maml:name>
          <maml:description>
            <maml:para>Name of the resource group for the cache.</maml:para>
          </maml:description>
          <command:parameterValue required="true" variableLength="false">String</command:parameterValue>
        </command:parameter>
      </command:syntaxItem>
    </command:syntax>
    <command:parameters>
      <command:parameter required="true" variableLength="false" globbing="false" pipelineInput="True (ByPropertyName)" position="named" aliases="">
        <maml:name>Name</maml:name>
        <maml:description>
          <maml:para>Name of the redis cache.</maml:para>
        </maml:description>
        <command:parameterValue required="true" variableLength="false">String</command:parameterValue>
        <dev:type>
          <maml:name>String</maml:name>
          <maml:uri />
        </dev:type>
        <dev:defaultValue>
        </dev:defaultValue>
      </command:parameter>
      <command:parameter required="true" variableLength="false" globbing="false" pipelineInput="True (ByPropertyName)" position="named" aliases="">
        <maml:name>ResourceGroupName</maml:name>
        <maml:description>
          <maml:para>Name of the resource group for the cache.</maml:para>
        </maml:description>
        <command:parameterValue required="true" variableLength="false">String</command:parameterValue>
        <dev:type>
          <maml:name>String</maml:name>
          <maml:uri />
        </dev:type>
        <dev:defaultValue>
        </dev:defaultValue>
      </command:parameter>
    </command:parameters>
    <command:inputTypes>
      <command:inputType>
        <dev:type>
          <maml:name>None</maml:name>
          <maml:uri>
          </maml:uri>
          <maml:description>
            <maml:para />
          </maml:description>
        </dev:type>
        <maml:description>
          <maml:para>You can pipe input to this cmdlet by property name, but not by value.</maml:para>
        </maml:description>
      </command:inputType>
    </command:inputTypes>
    <command:returnValues>
      <command:returnValue>
        <dev:type>
          <maml:name>Microsoft.Azure.Management.Redis.Models.RedisAccessKeys</maml:name>
          <maml:uri>
          </maml:uri>
          <maml:description>
            <maml:para />
          </maml:description>
        </dev:type>
        <maml:description>
          <maml:para>Returns primary and secondary access key of redis caches.</maml:para>
        </maml:description>
      </command:returnValue>
    </command:returnValues>
    <command:terminatingErrors />
    <command:nonTerminatingErrors />
    <maml:alertSet>
    </maml:alertSet>
    <command:examples>
      <command:example>
        <maml:title>Example 1: Get the access keys of a specific redis cache</maml:title>
        <maml:introduction>
          <maml:para>
          </maml:para>
        </maml:introduction>
        <dev:code>
          PS C:\&gt;Get-AzureRedisCacheKey -ResourceGroupName myGroup -Name myexists

          PrimaryKey        : pJ+jruGKPHDKsEC8kmoybobH3TZx2njBR3ipEsquZFo=
          SecondaryKey      : sJ+jruGKPHDKsEC8kmoybobH3TZx2njBR3ipEsquZFo=
          
        </dev:code>
        <dev:remarks>
          <maml:para>This command gets the access keys of a specific redis cache.</maml:para>
        </dev:remarks>
        <command:commandLines>
          <command:commandLine>
            <command:commandText />
          </command:commandLine>
        </command:commandLines>
      </command:example>
    </command:examples>
    <maml:relatedLinks>
      <maml:navigationLink>
        <maml:linkText>Online Version:</maml:linkText>
        <maml:uri>http://go.microsoft.com/fwlink/?LinkId=512525</maml:uri>
      </maml:navigationLink>
    </maml:relatedLinks>
  </command:command>
  <command:command xmlns:maml="http://schemas.microsoft.com/maml/2004/10" xmlns:command="http://schemas.microsoft.com/maml/dev/command/2004/10" xmlns:dev="http://schemas.microsoft.com/maml/dev/2004/10" xmlns:MSHelp="http://msdn.microsoft.com/mshelp">
    <command:details>
      <command:name>New-AzureRedisCacheKey</command:name>
      <maml:description>
        <maml:para>Regenerates the access key of a redis cache.</maml:para>
      </maml:description>
      <maml:copyright>
        <maml:para />
      </maml:copyright>
      <command:verb>New</command:verb>
      <command:noun>AzureRedisCacheKey</command:noun>
      <dev:version />
    </command:details>
    <maml:description>
      <maml:para>The New-AzureRedisCacheKey cmdlet regenerate the access key of a redis cache.</maml:para>
    </maml:description>
    <command:syntax>
      <command:syntaxItem>
        <maml:name>New-AzureRedisCacheKey</maml:name>
        <command:parameter required="true" variableLength="false" globbing="false" pipelineInput="True (ByPropertyName)" position="named" aliases="">
          <maml:name>Name</maml:name>
          <maml:description>
            <maml:para>Name of the redis cache.</maml:para>
          </maml:description>
          <command:parameterValue required="true" variableLength="false">String</command:parameterValue>
        </command:parameter>
        <command:parameter required="true" variableLength="false" globbing="false" pipelineInput="True (ByPropertyName)" position="named" aliases="">
          <maml:name>ResourceGroupName</maml:name>
          <maml:description>
            <maml:para>Name of the resource group for the cache.</maml:para>
          </maml:description>
          <command:parameterValue required="true" variableLength="false">String</command:parameterValue>
        </command:parameter>
        <command:parameter required="true" variableLength="false" globbing="false" pipelineInput="True (ByPropertyName)" position="named" aliases="">
          <maml:name>KeyType</maml:name>
          <maml:description>
            <maml:para>Specifies whether to regenerate the primary or secondary access key. Possible values are Primary or Secondary.</maml:para>
          </maml:description>
          <command:parameterValue required="true" variableLength="false">String</command:parameterValue>
        </command:parameter>
        <command:parameter required="false" variableLength="false" globbing="false" pipelineInput="false" position="named" aliases="">
          <maml:name>Force</maml:name>
          <maml:description>
            <maml:para>When the Force parameter is provided, the specified access key is regenerated without any confirmation prompts.</maml:para>
          </maml:description>
        </command:parameter>
      </command:syntaxItem>
    </command:syntax>
    <command:parameters>
      <command:parameter required="true" variableLength="false" globbing="false" pipelineInput="True (ByPropertyName)" position="named" aliases="">
        <maml:name>Name</maml:name>
        <maml:description>
          <maml:para>Name of the redis cache.</maml:para>
        </maml:description>
        <command:parameterValue required="true" variableLength="false">String</command:parameterValue>
        <dev:type>
          <maml:name>String</maml:name>
          <maml:uri />
        </dev:type>
        <dev:defaultValue>
        </dev:defaultValue>
      </command:parameter>
      <command:parameter required="true" variableLength="false" globbing="false" pipelineInput="True (ByPropertyName)" position="named" aliases="">
        <maml:name>ResourceGroupName</maml:name>
        <maml:description>
          <maml:para>Name of the resource group for the cache.</maml:para>
        </maml:description>
        <command:parameterValue required="true" variableLength="false">String</command:parameterValue>
        <dev:type>
          <maml:name>String</maml:name>
          <maml:uri />
        </dev:type>
        <dev:defaultValue>
        </dev:defaultValue>
      </command:parameter>
      <command:parameter required="true" variableLength="false" globbing="false" pipelineInput="True (ByPropertyName)" position="named" aliases="">
        <maml:name>KeyType</maml:name>
        <maml:description>
          <maml:para>Specifies whether to regenerate the primary or secondary access key. Possible values are Primary or Secondary.</maml:para>
        </maml:description>
        <command:parameterValue required="true" variableLength="false">String</command:parameterValue>
        <dev:type>
          <maml:name>String</maml:name>
          <maml:uri />
        </dev:type>
        <dev:defaultValue>
        </dev:defaultValue>
      </command:parameter>
      <command:parameter required="false" variableLength="false" globbing="false" pipelineInput="false" position="named" aliases="">
        <maml:name>Force</maml:name>
        <maml:description>
          <maml:para>When the Force parameter is provided, the specified access key is regenerated without any confirmation prompts.</maml:para>
        </maml:description>
        <dev:type>
          <maml:name>SwitchParameter</maml:name>
          <maml:uri />
        </dev:type>
        <dev:defaultValue></dev:defaultValue>
      </command:parameter>
    </command:parameters>
    <command:inputTypes>
      <command:inputType>
        <dev:type>
          <maml:name>None</maml:name>
          <maml:uri>
          </maml:uri>
          <maml:description>
            <maml:para />
          </maml:description>
        </dev:type>
        <maml:description>
          <maml:para>You can pipe input to this cmdlet by property name, but not by value.</maml:para>
        </maml:description>
      </command:inputType>
    </command:inputTypes>
    <command:returnValues>
      <command:returnValue>
        <dev:type>
          <maml:name>Microsoft.Azure.Management.Redis.Models.RedisAccessKeys</maml:name>
          <maml:uri>
          </maml:uri>
          <maml:description>
            <maml:para />
          </maml:description>
        </dev:type>
        <maml:description>
          <maml:para>Returns the primary and secondary access key of redis caches.</maml:para>
        </maml:description>
      </command:returnValue>
    </command:returnValues>
    <command:terminatingErrors />
    <command:nonTerminatingErrors />
    <maml:alertSet>
    </maml:alertSet>
    <command:examples>
      <command:example>
        <maml:title>Example 1: Regenerate primary key</maml:title>
        <maml:introduction>
          <maml:para>
          </maml:para>
        </maml:introduction>
        <dev:code>
          PS C:\&gt;New-AzureRedisCacheKey -ResourceGroupName myGroup -Name mycache -KeyType Primary -Force

          PrimaryKey        : pJ+jruGKPHDKsEC8kmoybobH3TZx2njBR3ipEsquZFo=
          SecondaryKey      : sJ+jruGKPHDKsEC8kmoybobH3TZx2njBR3ipEsquZFo=

        </dev:code>
        <dev:remarks>
          <maml:para>This command regenerates the primary key of a redis cache.</maml:para>
        </dev:remarks>
        <command:commandLines>
          <command:commandLine>
            <command:commandText />
          </command:commandLine>
        </command:commandLines>
      </command:example>
      <command:example>
        <maml:title>Example 2: Regenerate secondary key</maml:title>
        <maml:introduction>
          <maml:para>
          </maml:para>
        </maml:introduction>
        <dev:code>
          PS C:\&gt;New-AzureRedisCacheKey -ResourceGroupName myGroup -Name mycache -KeyType Secondary -Force

          PrimaryKey        : pJ+jruGKPHDKsEC8kmoybobH3TZx2njBR3ipEsquZFo=
          SecondaryKey      : sJ+jruGKPHDKsEC8kmoybobH3TZx2njBR3ipEsquZFo=

        </dev:code>
        <dev:remarks>
          <maml:para>This command regenerates the secondary key of a redis cache.</maml:para>
        </dev:remarks>
        <command:commandLines>
          <command:commandLine>
            <command:commandText />
          </command:commandLine>
        </command:commandLines>
      </command:example>
    </command:examples>
    <maml:relatedLinks>
      <maml:navigationLink>
        <maml:linkText>Online Version:</maml:linkText>
        <maml:uri>http://go.microsoft.com/fwlink/?LinkId=512526</maml:uri>
      </maml:navigationLink>
    </maml:relatedLinks>
  </command:command>
  <command:command xmlns:maml="http://schemas.microsoft.com/maml/2004/10" xmlns:command="http://schemas.microsoft.com/maml/dev/command/2004/10" xmlns:dev="http://schemas.microsoft.com/maml/dev/2004/10" xmlns:MSHelp="http://msdn.microsoft.com/mshelp">
    <command:details>
      <command:name>Set-AzureRedisCache</command:name>
      <maml:description>
        <maml:para>Set redis cache updatable parameters.</maml:para>
      </maml:description>
      <maml:copyright>
        <maml:para />
      </maml:copyright>
      <command:verb>Set</command:verb>
      <command:noun>AzureRedisCache</command:noun>
      <dev:version />
    </command:details>
    <maml:description>
      <maml:para>The Set-AzureRedisCache cmdlet sets redis cache parameters.</maml:para>
    </maml:description>
    <command:syntax>
      <command:syntaxItem>
        <maml:name>Set-AzureRedisCache</maml:name>
        <command:parameter required="true" variableLength="false" globbing="false" pipelineInput="True (ByPropertyName)" position="named" aliases="">
          <maml:name>Name</maml:name>
          <maml:description>
            <maml:para>Name of the redis cache to update.</maml:para>
          </maml:description>
          <command:parameterValue required="true" variableLength="false">String</command:parameterValue>
        </command:parameter>
        <command:parameter required="true" variableLength="false" globbing="false" pipelineInput="True (ByPropertyName)" position="named" aliases="">
          <maml:name>ResourceGroupName</maml:name>
          <maml:description>
            <maml:para>Name of the resource group for the cache.</maml:para>
          </maml:description>
          <command:parameterValue required="true" variableLength="false">String</command:parameterValue>
        </command:parameter>
        <command:parameter required="false" variableLength="false" globbing="false" pipelineInput="True (ByPropertyName)" position="named" aliases="">
          <maml:name>MaxMemoryPolicy</maml:name>
          <maml:description>
            <maml:para>MaxMemoryPolicy used by the redis cache. The default value is VolatileLRU. Possible values are AllKeysLRU, AllKeysRandom, NoEviction, VolatileLRU, VolatileRandom, VolatileTTL.</maml:para>
          </maml:description>
          <command:parameterValue required="true" variableLength="false">String</command:parameterValue>
        </command:parameter>
        <command:parameter required="false" variableLength="false" globbing="false" pipelineInput="True (ByPropertyName)" position="named" aliases="">
          <maml:name>EnableNonSslPort</maml:name>
          <maml:description>
            <maml:para>EnableNonSslPort is used by Azure Redis Cache. The default value is null and no change will be made to the currently configured value. Possible values are true and false.</maml:para>
          </maml:description>
          <command:parameterValue required="true" variableLength="false">Boolean</command:parameterValue>
        </command:parameter>
      </command:syntaxItem>
    </command:syntax>
    <command:parameters>
      <command:parameter required="true" variableLength="false" globbing="false" pipelineInput="True (ByPropertyName)" position="named" aliases="">
        <maml:name>Name</maml:name>
        <maml:description>
          <maml:para>Name of the redis cache to update.</maml:para>
        </maml:description>
        <command:parameterValue required="true" variableLength="false">String</command:parameterValue>
        <dev:type>
          <maml:name>String</maml:name>
          <maml:uri />
        </dev:type>
        <dev:defaultValue>
        </dev:defaultValue>
      </command:parameter>
      <command:parameter required="true" variableLength="false" globbing="false" pipelineInput="True (ByPropertyName)" position="named" aliases="">
        <maml:name>ResourceGroupName</maml:name>
        <maml:description>
          <maml:para>Name of the resource group for the cache.</maml:para>
        </maml:description>
        <command:parameterValue required="true" variableLength="false">String</command:parameterValue>
        <dev:type>
          <maml:name>String</maml:name>
          <maml:uri />
        </dev:type>
        <dev:defaultValue>
        </dev:defaultValue>
      </command:parameter>
      <command:parameter required="false" variableLength="false" globbing="false" pipelineInput="True (ByPropertyName)" position="named" aliases="">
        <maml:name>MaxMemoryPolicy</maml:name>
        <maml:description>
          <maml:para>MaxMemoryPolicy used by the redis cache. The default value is VolatileLRU. Possible values are AllKeysLRU, AllKeysRandom, NoEviction, VolatileLRU, VolatileRandom, VolatileTTL.</maml:para>
        </maml:description>
        <command:parameterValue required="true" variableLength="false">String</command:parameterValue>
        <dev:type>
          <maml:name>String</maml:name>
          <maml:uri />
        </dev:type>
        <dev:defaultValue></dev:defaultValue>
      </command:parameter>
      <command:parameter required="false" variableLength="false" globbing="false" pipelineInput="True (ByPropertyName)" position="named" aliases="">
        <maml:name>EnableNonSslPort</maml:name>
        <maml:description>
          <maml:para>EnableNonSslPort is used by Azure Redis Cache. The default value is null and no change will be made to the currently configured value. Possible values are true and false.</maml:para>
        </maml:description>
        <command:parameterValue required="true" variableLength="false">Boolean</command:parameterValue>
        <dev:type>
          <maml:name>Boolean</maml:name>
          <maml:uri />
        </dev:type>
        <dev:defaultValue></dev:defaultValue>
      </command:parameter>
    </command:parameters>
    <command:inputTypes>
      <command:inputType>
        <dev:type>
          <maml:name>None</maml:name>
          <maml:uri>
          </maml:uri>
          <maml:description>
            <maml:para />
          </maml:description>
        </dev:type>
        <maml:description>
          <maml:para>You can pipe input to this cmdlet by property name, but not by value.</maml:para>
        </maml:description>
      </command:inputType>
    </command:inputTypes>
    <command:returnValues>
      <command:returnValue>
        <dev:type>
          <maml:name>Microsoft.Azure.Commands.RedisCache.Models.RedisCacheAttributesWithAccessKeys</maml:name>
          <maml:uri>
          </maml:uri>
          <maml:description>
            <maml:para />
          </maml:description>
        </dev:type>
        <maml:description>
          <maml:para>Returns all attributes of a redis cache including primary and secondary access keys.</maml:para>
        </maml:description>
      </command:returnValue>
    </command:returnValues>
    <command:terminatingErrors />
    <command:nonTerminatingErrors />
    <maml:alertSet>
    </maml:alertSet>
    <command:examples>
      <command:example>
        <maml:title>Example 1: Update Max Memory Policy</maml:title>
        <maml:introduction>
          <maml:para>
          </maml:para>
        </maml:introduction>
        <dev:code>
          PS C:\&gt;New-AzureRedisCache -ResourceGroupName mygroup -Name mycache -MaxMemoryPolicy AllKeysLRU

          PrimaryKey        : pJ+jruGKPHDKsEC8kmoybobH3TZx2njBR3ipEsquZFo=
          SecondaryKey      : sJ+jruGKPHDKsEC8kmoybobH3TZx2njBR3ipEsquZFo=
          ResourceGroupName : mygroup
          Id                : /subscriptions/a559b6fd-3a84-40bb-a450-b0db5ed37dfe/resourceGroups/mygroup/providers/Microsoft.Cache/Redis/mycache
          Location          : North Central US
          Name              : mycache
          Type              : Microsoft.Cache/Redis
          HostName          : mycache.cache.icbbvt.windows-int.net
          Port              : 6379
          ProvisioningState : creating
          SslPort           : 6380
          MaxMemoryPolicy   : AllKeysLRU
          EnableNonSslPort  : False
          RedisVersion      : 2.8
          Size              : 250MB
          Sku               : Standard

        </dev:code>
        <dev:remarks>
          <maml:para>This command updates the updatable attributes of a redis cache.</maml:para>
        </dev:remarks>
        <command:commandLines>
          <command:commandLine>
            <command:commandText />
          </command:commandLine>
        </command:commandLines>
      </command:example>
    </command:examples>
    <maml:relatedLinks>
      <maml:navigationLink>
        <maml:linkText>Online Version:</maml:linkText>
        <maml:uri>http://go.microsoft.com/fwlink/?LinkId=512527</maml:uri>
      </maml:navigationLink>
    </maml:relatedLinks>
  </command:command>
</helpItems>
