﻿<?xml version="1.0" encoding="utf-8"?><helpItems xmlns="http://msh" schema="maml">
<command:command xmlns:maml="http://schemas.microsoft.com/maml/2004/10" xmlns:command="http://schemas.microsoft.com/maml/dev/command/2004/10" xmlns:dev="http://schemas.microsoft.com/maml/dev/2004/10">
<!--Generated by PS Cmdlet Help Editor-->
	<command:details>
		<command:name>Get-AzureTag</command:name>
		<maml:description>
			<maml:para>Gets predefined Azure tags</maml:para>
		</maml:description>
		<maml:copyright>
			<maml:para />
		</maml:copyright>
		<command:verb>Get</command:verb>
		<command:noun>AzureTag</command:noun>
		<dev:version />
	</command:details>
	<maml:description>
	<!--This is the Description section-->
		<maml:para>The Get-AzureTag cmdlet gets predefined Azure tags in your subscription. This cmdlet returns basic information about the tags or detailed information about tags and their values. All output objects include a Count property that represents the number of resources and resource groups to which the tags and values have been applied. Get-AzureTag is part of a set of cmdlets (New/Get/Remove) that help you manage predefined Azure tags.An Azure &quot;tag&quot; is a name-value pair that you can use to categorize your Azure resources and resource groups, such as by department or cost center, or to track notes or comments about the resources and groups. You can define and apply tags in a single step, but predefined tags let you establish standard, consistent, predictable names and values for the tags in your subscription. If the subscription includes any predefined tags, you cannot apply undefined tags or values to any resource or resource group in the subscription.To create a predefined tag, use the New-AzureTag cmdlet. To apply a predefined tag to a resource or resource group. use the Tag parameters of the New and Set cmdlets in the AzureResourceManager module. To search for resources or resource groups with a specified tag name or name and value, use the Tag parameters of the Get-AzureResource and Get-AzureResourceGroup cmdlets.</maml:para>
	</maml:description>
	<command:syntax>
		<command:syntaxItem>
			<maml:name>Get-AzureTag</maml:name>
			<command:parameter required="false" variableLength="false" globbing="false" pipelineInput="true (ByPropertyName)" position="0">
				<maml:name>Name</maml:name>
				<maml:description>
					<maml:para>Gets detailed information about the predefined tag with the specified name. By default, Get-AzureTag gets basic information about all predefined tags in the subscription.When you use the Name parameter, the Detailed parameter has no effect.</maml:para>
				</maml:description>
				<command:parameterValue required="true" variableLength="false">String</command:parameterValue>
			</command:parameter>
			<command:parameter required="false" variableLength="false" globbing="false" pipelineInput="true (ByPropertyName)" position="named">
				<maml:name>Detailed</maml:name>
				<maml:description>
					<maml:para>Adds information about tag values to the output.</maml:para>
				</maml:description>
				<command:parameterValue required="false" variableLength="false">SwitchParameter</command:parameterValue>
			</command:parameter>
		</command:syntaxItem>
	</command:syntax>
	<command:parameters>
		<command:parameter required="false" variableLength="false" globbing="false" pipelineInput="true (ByPropertyName)" position="0">
			<maml:name>Name</maml:name>
			<maml:description>
				<maml:para>Gets detailed information about the predefined tag with the specified name. By default, Get-AzureTag gets basic information about all predefined tags in the subscription.When you use the Name parameter, the Detailed parameter has no effect.</maml:para>
			</maml:description>
			<command:parameterValue required="true" variableLength="false">String</command:parameterValue>
			<dev:type>
				<maml:name>String</maml:name>
				<maml:uri/>
			</dev:type>
			<dev:defaultValue></dev:defaultValue>
		</command:parameter>
		<command:parameter required="false" variableLength="false" globbing="false" pipelineInput="true (ByPropertyName)" position="named">
			<maml:name>Detailed</maml:name>
			<maml:description>
				<maml:para>Adds information about tag values to the output.</maml:para>
			</maml:description>
			<command:parameterValue required="false" variableLength="false">SwitchParameter</command:parameterValue>
			<dev:type>
				<maml:name>SwitchParameter</maml:name>
				<maml:uri/>
			</dev:type>
			<dev:defaultValue></dev:defaultValue>
		</command:parameter>
	</command:parameters>
	<command:inputTypes>
		<command:inputType>
			<dev:type>
				<maml:name>None</maml:name>
				<maml:uri/>
				<maml:description>
					<maml:para></maml:para>
				</maml:description>
			</dev:type>
			<maml:description></maml:description>
		</command:inputType>
	</command:inputTypes>
	<command:returnValues>
		<command:returnValue>
			<dev:type>
				<maml:name>Microsoft.Azure.Commands.Tags.Model.PSTag, Microsoft.Azure.Commands.Tags</maml:name>
				<maml:uri/>
				<maml:description>
					<maml:para></maml:para>
				</maml:description>
			</dev:type>
			<maml:description></maml:description>
	</command:returnValue>
		</command:returnValues>
	<command:terminatingErrors></command:terminatingErrors>
	<command:nonTerminatingErrors></command:nonTerminatingErrors>
	<maml:alertSet>
		<maml:title></maml:title>
		<maml:alert>
			<maml:para></maml:para>
		</maml:alert>
	</maml:alertSet>
	<command:examples>
		<command:example>
			<maml:title>--------------------------  Example 1: Get all predefined tags  --------------------------</maml:title>
			<maml:introduction>
				<maml:para></maml:para>
			</maml:introduction>
			<dev:code>PS C:\&gt;Get-AzureTag
Name      Count

========  =====

Department    5

FY2015        2

CostCenter   20</dev:code>
			<dev:remarks>
				<maml:para>This command gets all predefined tags in the subscription. The Count property shows how many times the tag has been applied to resources and resource groups in the subscription.</maml:para>
			</dev:remarks>
			<command:commandLines>
				<command:commandLine>
					<command:commandText></command:commandText>
				</command:commandLine>
			</command:commandLines>
		</command:example>
		<command:example>
			<maml:title>--------------------------  Example 2: Get a tag by name  --------------------------</maml:title>
			<maml:introduction>
				<maml:para></maml:para>
			</maml:introduction>
			<dev:code>PS C:\&gt;Get-AzureTag -Name Department
Name:   Department

Count:  5

Values: 

        Name        Count

        ==========  =====

        Finance       2

        IT            3</dev:code>
			<dev:remarks>
				<maml:para>This command gets detailed information about the Department tag and its values. The Count property shows how many times the tag and each of its values has been applied to resources and resource groups in the subscription.</maml:para>
			</dev:remarks>
			<command:commandLines>
				<command:commandLine>
					<command:commandText></command:commandText>
				</command:commandLine>
			</command:commandLines>
		</command:example>
		<command:example>
			<maml:title>--------------------------  Example 3: Get values of all tags  --------------------------</maml:title>
			<maml:introduction>
				<maml:para></maml:para>
			</maml:introduction>
			<dev:code>PS C:\&gt;Get-AzureTag -Detailed
Name:   Department

Count:  5

Values: 

        Name        Count

        ==========  =====

        Finance       2

        IT            3


Name:   FY2015

Count:  2


Name:   CostCenter

Count:  20

Values: 

        Name        Count

        ==========  =====

        0001          5

        0002         10

        0003          5</dev:code>
			<dev:remarks>
				<maml:para>This command uses the Detailed parameter to get detailed information about all predefined tags in the subscription. It&#39;s the equivalent of using the Name parameter for every tag.</maml:para>
			</dev:remarks>
			<command:commandLines>
				<command:commandLine>
					<command:commandText></command:commandText>
				</command:commandLine>
			</command:commandLines>
		</command:example>
	</command:examples>
	<maml:relatedLinks>
		<maml:navigationLink>
			<maml:linkText>Online Version:</maml:linkText>
			<maml:uri>http://go.microsoft.com/fwlink/?LinkId=404173</maml:uri>
		</maml:navigationLink>
		<maml:navigationLink>
			<maml:linkText>New-AzureTag</maml:linkText>
			<maml:uri></maml:uri>
		</maml:navigationLink>
		<maml:navigationLink>
			<maml:linkText>Remove-AzureTag</maml:linkText>
			<maml:uri></maml:uri>
		</maml:navigationLink>
	</maml:relatedLinks>
</command:command>
<command:command xmlns:maml="http://schemas.microsoft.com/maml/2004/10" xmlns:command="http://schemas.microsoft.com/maml/dev/command/2004/10" xmlns:dev="http://schemas.microsoft.com/maml/dev/2004/10">
<!--Generated by PS Cmdlet Help Editor-->
	<command:details>
		<command:name>New-AzureTag</command:name>
		<maml:description>
			<maml:para>Creates a predefined Azure tag or adds values to an existing tag</maml:para>
		</maml:description>
		<maml:copyright>
			<maml:para />
		</maml:copyright>
		<command:verb>New</command:verb>
		<command:noun>AzureTag</command:noun>
		<dev:version />
	</command:details>
	<maml:description>
	<!--This is the Description section-->
		<maml:para>The New-AzureTag cmdlet creates a predefined Azure tag with an optional predefined value. You can also use it to add additional values to existing predefined tags. To create a new predefined tag, enter a unique tag name. To add a value to an existing predefined tag, specify the name of the existing tag and the new value. This cmdlet returns an object that represents the new or changed tag with its values and the number of resources to which it has been applied. New-AzureTag is part of a set of cmdlets (New/Get/Remove) that let you manage predefined Azure tags.An Azure &quot;tag&quot; is a name-value pair that you can use to categorize your Azure resources and resource groups, such as by department or cost center, or to track notes or comments about the resources and groups. You can define and apply tags in a single step, but predefined tags let you establish standard, consistent, predictable names and values for the tags in your subscription. If the subscription includes any predefined tags, you cannot apply undefined tags or values to any resource or resource group in the subscription.To apply a predefined tag to a resource or resource group. use the Tag parameters of the New and Set cmdlets in the AzureResourceManager module. To search for resources or resource groups with a specified tag name or name and value, use the Tag parameters of the Get-AzureResource and Get-AzureResourceGroup cmdlets.Every tag has a name. The values are optional. A predefined Azure tag can have multiple values, but when you apply the tag to a resource or resource group, you apply the tag name and only one of its values. For example, you can create a predefined Department tag with a value for each department, such as Finance, Human Resources, and IT. When you apply the Department tag to a resource, you apply only one predefined value, such as Finance.</maml:para>
	</maml:description>
	<command:syntax>
		<command:syntaxItem>
			<maml:name>New-AzureTag</maml:name>
			<command:parameter required="true" variableLength="false" globbing="false" pipelineInput="true (ByPropertyName)" position="0">
				<maml:name>Name</maml:name>
				<maml:description>
					<maml:para>Specifies the tag name. To create a new predefined tag, enter a unique name. To add a new value to an existing tag, enter the name of the existing tag.If an existing predefined tag has the specified name, New-AzureTag adds the specified value, if any, to the tag with that name, instead of creating a new tag.</maml:para>
				</maml:description>
				<command:parameterValue required="true" variableLength="false">String</command:parameterValue>
			</command:parameter>
			<command:parameter required="false" variableLength="false" globbing="false" pipelineInput="true (ByPropertyName)" position="1">
				<maml:name>Value</maml:name>
				<maml:description>
					<maml:para>Specifies a tag value. Predefined tags can have multiple value, but you can enter only one value in each command. This parameter is optional, because tags can have names and no values.</maml:para>
				</maml:description>
				<command:parameterValue required="true" variableLength="false">String</command:parameterValue>
			</command:parameter>
		</command:syntaxItem>
	</command:syntax>
	<command:parameters>
		<command:parameter required="true" variableLength="false" globbing="false" pipelineInput="true (ByPropertyName)" position="0">
			<maml:name>Name</maml:name>
			<maml:description>
				<maml:para>Specifies the tag name. To create a new predefined tag, enter a unique name. To add a new value to an existing tag, enter the name of the existing tag.If an existing predefined tag has the specified name, New-AzureTag adds the specified value, if any, to the tag with that name, instead of creating a new tag.</maml:para>
			</maml:description>
			<command:parameterValue required="true" variableLength="false">String</command:parameterValue>
			<dev:type>
				<maml:name>String</maml:name>
				<maml:uri/>
			</dev:type>
			<dev:defaultValue></dev:defaultValue>
		</command:parameter>
		<command:parameter required="false" variableLength="false" globbing="false" pipelineInput="true (ByPropertyName)" position="1">
			<maml:name>Value</maml:name>
			<maml:description>
				<maml:para>Specifies a tag value. Predefined tags can have multiple value, but you can enter only one value in each command. This parameter is optional, because tags can have names and no values.</maml:para>
			</maml:description>
			<command:parameterValue required="true" variableLength="false">String</command:parameterValue>
			<dev:type>
				<maml:name>String</maml:name>
				<maml:uri/>
			</dev:type>
			<dev:defaultValue></dev:defaultValue>
		</command:parameter>
	</command:parameters>
	<command:inputTypes>
		<command:inputType>
			<dev:type>
				<maml:name>None</maml:name>
				<maml:uri/>
				<maml:description>
					<maml:para></maml:para>
				</maml:description>
			</dev:type>
			<maml:description></maml:description>
		</command:inputType>
	</command:inputTypes>
	<command:returnValues>
		<command:returnValue>
			<dev:type>
				<maml:name>Microsoft.Azure.Commands.Tags.Model.PSTag</maml:name>
				<maml:uri/>
				<maml:description>
					<maml:para></maml:para>
				</maml:description>
			</dev:type>
			<maml:description></maml:description>
	</command:returnValue>
		</command:returnValues>
	<command:terminatingErrors></command:terminatingErrors>
	<command:nonTerminatingErrors></command:nonTerminatingErrors>
	<maml:alertSet>
		<maml:title></maml:title>
		<maml:alert>
			<maml:para></maml:para>
		</maml:alert>
	</maml:alertSet>
	<command:examples>
		<command:example>
			<maml:title>--------------------------  Example 1: Create a predefined tag  --------------------------</maml:title>
			<maml:introduction>
				<maml:para></maml:para>
			</maml:introduction>
			<dev:code>PS C:\&gt;New-AzureTag -Name FY2015
Name:   Department

Count:  0

Values: 

        Name        Count

        =========   =====

        Finance     0</dev:code>
			<dev:remarks>
				<maml:para>This command creates a predefined tag named &quot;FY2015&quot;. This tag has no values. You can apply a tag with no values to a resource or resource group, or use New-AzureTag to add values to the tag. You can also specify a value when you apply the tag to the resource or resource group.</maml:para>
			</dev:remarks>
			<command:commandLines>
				<command:commandLine>
					<command:commandText></command:commandText>
				</command:commandLine>
			</command:commandLines>
		</command:example>
		<command:example>
			<maml:title>--------------------------  Example 2: Create a predefined tag with a value  --------------------------</maml:title>
			<maml:introduction>
				<maml:para></maml:para>
			</maml:introduction>
			<dev:code>PS C:\&gt;New-AzureTag -Name Department -Value Finance
Name:   Department

Count:  0

Values: 

        Name        Count

        =========   =====

        Finance     0</dev:code>
			<dev:remarks>
				<maml:para>This command creates a Department predefined tag with a value of Finance.</maml:para>
			</dev:remarks>
			<command:commandLines>
				<command:commandLine>
					<command:commandText></command:commandText>
				</command:commandLine>
			</command:commandLines>
		</command:example>
		<command:example>
			<maml:title>--------------------------  Example 3: Add a value to a predefined tag  --------------------------</maml:title>
			<maml:introduction>
				<maml:para></maml:para>
			</maml:introduction>
			<dev:code>PS C:\&gt;New-AzureTag -Name Department -Value Finance
Name:   Department

Count:  0
Values: 
        Name        Count
        =========   =====
        Finance     0


PS C:\&gt;New-AzureTag -Name Department -Value IT

Name:   Department
Count:  0
Values: 
        Name        Count
        =========   =====
        Finance     0
        IT          0</dev:code>
			<dev:remarks>
				<maml:para>These commands creates a Department predefined tag with two values. When the tag name exists, New-AzureTag adds the value to the existing tag, instead of creating a new one.</maml:para>
			</dev:remarks>
			<command:commandLines>
				<command:commandLine>
					<command:commandText>You can create multiple values for a predefined tag. When you apply the tag to a resource, you apply just one of its values.</command:commandText>
				</command:commandLine>
			</command:commandLines>
		</command:example>
		<command:example>
			<maml:title>--------------------------  Example 4: Use a predefined tag  --------------------------</maml:title>
			<maml:introduction>
				<maml:para></maml:para>
			</maml:introduction>
			<dev:code>PS C:\&gt;New-AzureTag -Name CostCenter -Value 0001


Name:   CostCenter
Count:  0
Values: 
        Name        Count
        =========   =====
        0001        0


PS C:\&gt;Set-AzureResourceGroup -Name EngineerBlog -Tag @{Name=&quot;CostCenter&quot;;Value=&quot;0001&quot;}


Name:      EngineerBlog
Location:  East US
Resources: 
            
    Name             Type                     Location
    ===============  =======================  ========
    EngineerBlog     Microsoft.Web/sites      West US
    EngSvr01         Microsoft.Sql/servers    West US
    EngDB02          Microsoft.Sql/databases  West US
Tags: 
    Name         Value
    ==========   =====
    CostCenter   0001


PS C:\&gt;Get-AzureTag -Name CostCenter


Name:   CostCenter
Count:  1
Values: 
        Name        Count
        =========   =====
        0001        1

PS C:\&gt;Get-AzureResourceGroup -Tag @{Name=&quot;CostCenter&quot;}

Name:      EngineerBlog
Location:  East US
Resources: 
     Name             Type                     Location
    ===============  =======================  ========
    EngineerBlog     Microsoft.Web/sites      West US

    EngSvr01         Microsoft.Sql/servers    West US
    EngDB02          Microsoft.Sql/databases  West US
Tags: 
    Name         Value
    ==========   =====
    CostCenter   0001</dev:code>
			<dev:remarks>
				<maml:para>The commands in this example create and use a predefined tag.</maml:para>
			</dev:remarks>
			<command:commandLines>
				<command:commandLine>
					<command:commandText>The first command uses the New-AzureTag cmdlet to create a predefined CostCenter tag with a value of 0001. You can use New-AzureTag again to add more  values to the predefined tag.The second command uses the Set-AzureResourceGroup cmdlet to apply the CostCenter tag to the EngineerBlog resource group.The third command uses the Get-AzureTag cmdlet to get the CostCenter tag. The output shows that the Count property of the tag and its values were incremented when the tag was applied to the EngineeringBlog resource group.The fourth command uses the Tag parameter of the Get-AzureResource cmdlet to search for resource groups with the CostCenter tag (and any value). The cmdlet returns the EngineeringBlog resource group.</command:commandText>
				</command:commandLine>
			</command:commandLines>
		</command:example>
	</command:examples>
	<maml:relatedLinks>
		<maml:navigationLink>
			<maml:linkText>Online Version:</maml:linkText>
			<maml:uri>http://go.microsoft.com/fwlink/?LinkId=404172</maml:uri>
		</maml:navigationLink>
		<maml:navigationLink>
			<maml:linkText>Get-AzureTag</maml:linkText>
			<maml:uri></maml:uri>
		</maml:navigationLink>
		<maml:navigationLink>
			<maml:linkText>Remove-AzureTag</maml:linkText>
			<maml:uri></maml:uri>
		</maml:navigationLink>
	</maml:relatedLinks>
</command:command>
<command:command xmlns:maml="http://schemas.microsoft.com/maml/2004/10" xmlns:command="http://schemas.microsoft.com/maml/dev/command/2004/10" xmlns:dev="http://schemas.microsoft.com/maml/dev/2004/10">
<!--Generated by PS Cmdlet Help Editor-->
	<command:details>
		<command:name>Remove-AzureTag</command:name>
		<maml:description>
			<maml:para>Deletes predefined Azure tags or values</maml:para>
		</maml:description>
		<maml:copyright>
			<maml:para />
		</maml:copyright>
		<command:verb>Remove</command:verb>
		<command:noun>AzureTag</command:noun>
		<dev:version />
	</command:details>
	<maml:description>
	<!--This is the Description section-->
		<maml:para>The Remove-AzureTag cmdlet deletes predefined Azure tags and values from your subscription. To delete particular values from a predefined tag, use the Value parameter. By default, Remove-AzureTag deletes the specified tag and all of its values.You cannot delete a tag or value that is currently applied to a resource or resource group. Before using Remove-AzureTag, use the Tag parameter of the Set-AzureResource or Set-AzureResourceGroup cmdlets to delete the tag or values from the resource or resource group. The Remove-AzureTag cmdlet is part of a set of cmdlets (New/Get/Remove) that help you to manage your predefined Azure tags.An Azure &quot;tag&quot; is a name-value pair that you can use to categorize your Azure resources and resource groups, such as by department or cost center, or to track notes or comments about the resources and groups.You can define and apply tags in a single step, but predefined tags let you establish standard, consistent, predictable names and values for the tags in your subscription. If the subscription includes any predefined tags, you cannot apply undefined tags or values to any resource or resource group in the subscription.</maml:para>
	</maml:description>
	<command:syntax>
		<command:syntaxItem>
			<maml:name>Remove-AzureTag</maml:name>
			<command:parameter required="true" variableLength="false" globbing="false" pipelineInput="true (ByPropertyName)" position="0">
				<maml:name>Name</maml:name>
				<maml:description>
					<maml:para>Specifies the name of the tag to be deleted. This parameter is required. By default, Remove-AzureTag removes the specified tag and all of its values. To delete selected values, but not delete the tag, use the Value parameter.</maml:para>
				</maml:description>
				<command:parameterValue required="true" variableLength="false">String</command:parameterValue>
			</command:parameter>
			<command:parameter required="false" variableLength="true" globbing="false" pipelineInput="true (ByPropertyName)" position="1">
				<maml:name>Value</maml:name>
				<maml:description>
					<maml:para>Deletes the specified values from the predefined tag, but does not delete the tag.</maml:para>
				</maml:description>
				<command:parameterValue required="true" variableLength="true">String[]</command:parameterValue>
			</command:parameter>
			<command:parameter required="false" variableLength="false" globbing="false" pipelineInput="true (ByPropertyName)" position="named">
				<maml:name>Force</maml:name>
				<maml:description>
					<maml:para>Suppresses the confirmation prompt. By default, Remove-AzureTag prompts for confirmation before deleting a predefined Azure tag.</maml:para>
				</maml:description>
				<command:parameterValue required="false" variableLength="false">SwitchParameter</command:parameterValue>
			</command:parameter>
			<command:parameter required="false" variableLength="false" globbing="false" pipelineInput="true (ByPropertyName)" position="named">
				<maml:name>PassThru</maml:name>
				<maml:description>
					<maml:para>Returns an object that represents the deleted tag or the resulting tag with deleted valued.</maml:para>
				</maml:description>
				<command:parameterValue required="false" variableLength="false">SwitchParameter</command:parameterValue>
			</command:parameter>
		</command:syntaxItem>
	</command:syntax>
	<command:parameters>
		<command:parameter required="true" variableLength="false" globbing="false" pipelineInput="true (ByPropertyName)" position="0">
			<maml:name>Name</maml:name>
			<maml:description>
				<maml:para>Specifies the name of the tag to be deleted. This parameter is required. By default, Remove-AzureTag removes the specified tag and all of its values. To delete selected values, but not delete the tag, use the Value parameter.</maml:para>
			</maml:description>
			<command:parameterValue required="true" variableLength="false">String</command:parameterValue>
			<dev:type>
				<maml:name>String</maml:name>
				<maml:uri/>
			</dev:type>
			<dev:defaultValue></dev:defaultValue>
		</command:parameter>
		<command:parameter required="false" variableLength="true" globbing="false" pipelineInput="true (ByPropertyName)" position="1">
			<maml:name>Value</maml:name>
			<maml:description>
				<maml:para>Deletes the specified values from the predefined tag, but does not delete the tag.</maml:para>
			</maml:description>
			<command:parameterValue required="true" variableLength="true">String[]</command:parameterValue>
			<dev:type>
				<maml:name>String[]</maml:name>
				<maml:uri/>
			</dev:type>
			<dev:defaultValue></dev:defaultValue>
		</command:parameter>
		<command:parameter required="false" variableLength="false" globbing="false" pipelineInput="true (ByPropertyName)" position="named">
			<maml:name>Force</maml:name>
			<maml:description>
				<maml:para>Suppresses the confirmation prompt. By default, Remove-AzureTag prompts for confirmation before deleting a predefined Azure tag.</maml:para>
			</maml:description>
			<command:parameterValue required="false" variableLength="false">SwitchParameter</command:parameterValue>
			<dev:type>
				<maml:name>SwitchParameter</maml:name>
				<maml:uri/>
			</dev:type>
			<dev:defaultValue></dev:defaultValue>
		</command:parameter>
		<command:parameter required="false" variableLength="false" globbing="false" pipelineInput="true (ByPropertyName)" position="named">
			<maml:name>PassThru</maml:name>
			<maml:description>
				<maml:para>Returns an object that represents the deleted tag or the resulting tag with deleted valued.</maml:para>
			</maml:description>
			<command:parameterValue required="false" variableLength="false">SwitchParameter</command:parameterValue>
			<dev:type>
				<maml:name>SwitchParameter</maml:name>
				<maml:uri/>
			</dev:type>
			<dev:defaultValue></dev:defaultValue>
		</command:parameter>
	</command:parameters>
	<command:inputTypes>
		<command:inputType>
			<dev:type>
				<maml:name>None</maml:name>
				<maml:uri/>
				<maml:description>
					<maml:para></maml:para>
				</maml:description>
			</dev:type>
			<maml:description></maml:description>
		</command:inputType>
	</command:inputTypes>
	<command:returnValues>
		<command:returnValue>
			<dev:type>
				<maml:name>None or Microsoft.Azure.Commands.Tags.Model.PSTag</maml:name>
				<maml:uri/>
				<maml:description>
					<maml:para></maml:para>
				</maml:description>
			</dev:type>
			<maml:description></maml:description>
	</command:returnValue>
		</command:returnValues>
	<command:terminatingErrors></command:terminatingErrors>
	<command:nonTerminatingErrors></command:nonTerminatingErrors>
	<maml:alertSet>
		<maml:title></maml:title>
		<maml:alert>
			<maml:para></maml:para>
		</maml:alert>
	</maml:alertSet>
	<command:examples>
		<command:example>
			<maml:title>--------------------------  Example 1: Delete a predefined tag  --------------------------</maml:title>
			<maml:introduction>
				<maml:para></maml:para>
			</maml:introduction>
			<dev:code>PS C:\&gt;Remove-AzureTag -Name Department</dev:code>
			<dev:remarks>
				<maml:para>This command deletes the predefined Department tag and all of its resources. If the tag has been applied to any resources or resource groups, the command fails.</maml:para>
			</dev:remarks>
			<command:commandLines>
				<command:commandLine>
					<command:commandText></command:commandText>
				</command:commandLine>
			</command:commandLines>
		</command:example>
		<command:example>
			<maml:title>--------------------------  Example 2: Delete a value from a predefined tag  --------------------------</maml:title>
			<maml:introduction>
				<maml:para></maml:para>
			</maml:introduction>
			<dev:code>PS C:\&gt;Remove-AzureTag -Name Department -Value HumanResources -PassThru
Name:   Department

Count:  14

Values: 

        Name        Count

        =========   =====

        Finance        2

        IT            12</dev:code>
			<dev:remarks>
				<maml:para>This command deletes the HumanResources value from the predefined Department tag. It does not delete the tag. If the value has been applied to any resources or resource groups, the command fails.</maml:para>
			</dev:remarks>
			<command:commandLines>
				<command:commandLine>
					<command:commandText>Because the command uses the PassThru parameter, the cmdlet returns the object tag without the HumanResources value.</command:commandText>
				</command:commandLine>
			</command:commandLines>
		</command:example>
	</command:examples>
	<maml:relatedLinks>
		<maml:navigationLink>
			<maml:linkText>Online Version:</maml:linkText>
			<maml:uri>http://go.microsoft.com/fwlink/?LinkId=404174</maml:uri>
		</maml:navigationLink>
		<maml:navigationLink>
			<maml:linkText>Get-AzureTag</maml:linkText>
			<maml:uri></maml:uri>
		</maml:navigationLink>
		<maml:navigationLink>
			<maml:linkText>New-AzureTag</maml:linkText>
			<maml:uri></maml:uri>
		</maml:navigationLink>
	</maml:relatedLinks>
</command:command>
</helpItems>